Step,AgentID,Wealth,Steps_not_given
1,1,1,0
1,2,1,0
1,3,1,0
1,4,1,0
1,5,1,0
1,6,1,0
1,7,1,0
1,8,1,0
1,9,1,0
1,10,1,0
1,11,1,0
1,12,1,0
1,13,1,0
1,14,1,0
1,15,1,0
1,16,1,0
1,17,1,0
1,18,1,0
1,19,1,0
1,20,1,0
1,21,1,0
1,22,1,0
1,23,1,0
1,24,1,0
1,25,1,0
1,26,1,0
1,27,1,0
1,28,1,0
1,29,1,0
1,30,1,0
1,31,1,0
1,32,1,0
1,33,1,0
1,34,1,0
1,35,1,0
1,36,1,0
1,37,1,0
1,38,1,0
1,39,1,0
1,40,1,0
1,41,1,0
1,42,1,0
1,43,1,0
1,44,1,0
1,45,1,0
1,46,1,0
1,47,1,0
1,48,1,0
1,49,1,0
1,50,1,0
2,19,1,1
2,49,1,1
2,36,0,0
2,5,1,1
2,23,1,1
2,28,1,1
2,45,2,1
2,31,2,1
2,16,1,1
2,44,2,1
2,9,1,1
2,32,1,1
2,46,1,1
2,7,0,0
2,29,1,1
2,30,1,1
2,26,1,1
2,18,1,1
2,6,1,1
2,17,1,1
2,34,1,0
2,41,2,0
2,25,1,0
2,22,1,0
2,24,1,1
2,40,1,1
2,3,0,0
2,10,1,1
2,38,1,1
2,47,1,0
2,4,1,1
2,20,1,1
2,42,1,0
2,33,0,0
2,13,1,1
2,50,0,0
2,12,1,1
2,14,1,1
2,15,1,0
2,48,1,0
2,43,1,1
2,39,1,1
2,1,0,0
2,8,1,1
2,27,2,1
2,2,2,1
2,21,1,1
2,35,1,0
2,11,1,1
2,37,1,1
3,18,0,0
3,28,1,0
3,46,1,0
3,48,1,1
3,3,0,1
3,38,2,2
3,10,1,2
3,31,1,0
3,40,1,2
3,9,2,2
3,22,1,1
3,42,2,1
3,14,2,0
3,11,1,0
3,47,2,0
3,24,1,2
3,15,1,1
3,32,1,2
3,4,1,2
3,23,0,0
3,49,1,2
3,41,2,1
3,1,0,1
3,5,0,0
3,25,0,0
3,34,1,0
3,16,1,2
3,30,1,2
3,20,1,2
3,37,1,2
3,7,0,1
3,39,1,2
3,44,2,2
3,36,0,1
3,6,0,0
3,33,1,1
3,8,1,0
3,12,1,0
3,50,0,1
3,21,2,0
3,27,2,2
3,17,1,2
3,43,1,2
3,26,1,0
3,13,0,0
3,29,1,2
3,45,1,0
3,35,1,1
3,2,2,0
3,19,2,2
4,36,0,2
4,15,1,2
4,12,0,0
4,49,0,0
4,24,0,0
4,41,2,2
4,40,1,3
4,43,1,3
4,9,3,3
4,1,0,2
4,14,3,1
4,20,1,3
4,5,1,1
4,25,1,1
4,31,0,0
4,18,0,1
4,44,2,0
4,27,2,0
4,23,0,1
4,26,1,1
4,46,1,0
4,38,2,3
4,13,0,1
4,16,1,3
4,33,1,2
4,34,0,0
4,37,1,0
4,32,1,3
4,47,2,0
4,48,1,0
4,42,3,2
4,17,1,3
4,39,1,3
4,11,1,1
4,8,1,0
4,29,1,3
4,10,1,0
4,35,1,2
4,3,0,2
4,2,2,1
4,4,1,3
4,50,0,2
4,30,1,3
4,6,0,1
4,21,3,1
4,19,1,0
4,22,1,2
4,28,0,0
4,7,0,2
4,45,2,1
5,10,1,1
5,13,0,2
5,2,2,2
5,22,1,3
5,4,1,4
5,44,2,1
5,39,0,0
5,12,0,1
5,27,2,1
5,15,1,3
5,14,2,0
5,35,1,3
5,37,0,0
5,31,1,1
5,36,0,3
5,40,1,0
5,49,0,1
5,3,0,3
5,18,0,2
5,41,2,3
5,24,0,1
5,48,1,0
5,28,0,1
5,43,1,4
5,9,3,4
5,19,1,1
5,6,0,2
5,16,0,0
5,34,0,1
5,1,0,3
5,25,1,2
5,21,4,2
5,47,2,1
5,20,1,4
5,45,1,0
5,33,1,3
5,29,1,4
5,32,2,4
5,7,0,3
5,38,2,4
5,42,3,0
5,5,1,0
5,11,1,0
5,26,1,2
5,50,1,0
5,23,0,2
5,17,1,4
5,30,1,4
5,46,1,1
5,8,2,1
6,38,2,5
6,15,1,4
6,23,0,3
6,3,0,4
6,24,0,2
6,30,1,5
6,27,2,2
6,19,1,2
6,22,1,4
6,46,0,0
6,12,0,2
6,31,1,2
6,44,2,2
6,7,0,4
6,17,2,0
6,33,0,0
6,25,0,0
6,29,1,0
6,8,2,2
6,34,0,2
6,42,4,0
6,2,3,3
6,37,0,1
6,20,1,5
6,4,1,5
6,45,2,1
6,6,0,3
6,50,1,1
6,48,1,0
6,16,0,1
6,41,2,4
6,39,0,1
6,21,4,3
6,1,0,4
6,5,1,1
6,35,1,4
6,18,0,3
6,43,1,5
6,9,3,0
6,26,1,3
6,47,1,0
6,28,0,2
6,13,0,3
6,14,2,1
6,11,1,0
6,49,0,2
6,32,2,5
6,10,1,2
6,40,1,1
6,36,0,4
7,22,1,5
7,8,2,3
7,46,0,1
7,20,1,6
7,10,2,3
7,44,2,3
7,40,1,2
7,42,4,1
7,47,1,0
7,36,0,5
7,9,3,1
7,24,0,3
7,39,0,2
7,33,0,1
7,45,2,0
7,6,0,4
7,29,1,1
7,27,1,0
7,3,0,5
7,35,1,5
7,18,0,4
7,37,1,2
7,49,0,3
7,2,4,4
7,15,0,0
7,23,0,4
7,13,0,4
7,1,1,5
7,16,0,2
7,19,1,3
7,17,1,0
7,50,1,2
7,31,1,3
7,7,0,5
7,28,0,3
7,11,1,1
7,4,1,0
7,34,0,3
7,26,1,4
7,14,1,0
7,12,0,3
7,43,0,0
7,38,2,6
7,25,1,1
7,48,1,0
7,5,2,2
7,32,2,6
7,30,2,6
7,41,1,0
7,21,3,0
8,11,1,2
8,25,1,2
8,10,2,4
8,38,2,7
8,16,0,3
8,2,4,5
8,14,1,0
8,41,0,0
8,29,1,0
8,28,0,4
8,30,2,0
8,22,1,6
8,35,0,0
8,3,1,6
8,40,0,0
8,24,0,4
8,26,1,5
8,21,3,1
8,6,1,5
8,32,2,0
8,43,0,1
8,15,1,1
8,34,0,4
8,48,1,1
8,9,3,2
8,33,0,2
8,47,1,1
8,44,2,0
8,5,2,3
8,1,1,6
8,12,0,4
8,20,2,7
8,19,1,4
8,46,0,2
8,7,0,6
8,31,1,4
8,36,0,6
8,8,2,4
8,13,0,5
8,37,0,0
8,23,0,5
8,50,1,3
8,18,0,5
8,39,0,3
8,27,1,1
8,45,2,1
8,17,1,1
8,42,4,2
8,4,1,1
8,49,0,4
9,39,0,4
9,26,0,0
9,7,0,7
9,6,1,6
9,17,1,2
9,15,1,0
9,20,2,0
9,18,0,6
9,44,2,0
9,14,1,1
9,38,3,8
9,10,2,5
9,11,1,3
9,31,1,5
9,28,0,5
9,23,0,6
9,47,0,0
9,30,2,0
9,45,2,2
9,27,1,2
9,5,2,4
9,13,0,6
9,25,1,3
9,12,0,5
9,2,4,0
9,37,0,1
9,19,0,0
9,24,0,5
9,32,2,1
9,33,0,3
9,4,1,2
9,29,1,1
9,9,3,3
9,22,2,7
9,40,0,1
9,35,0,1
9,8,3,5
9,1,1,7
9,36,0,7
9,49,0,5
9,3,1,7
9,21,2,0
9,42,4,3
9,48,2,2
9,43,0,2
9,50,1,4
9,34,0,5
9,16,0,4
9,46,0,3
9,41,0,1
10,16,0,5
10,39,0,5
10,45,2,0
10,22,2,8
10,6,1,7
10,7,0,8
10,33,0,4
10,37,0,2
10,20,2,1
10,50,1,5
10,47,0,1
10,9,3,4
10,38,3,9
10,2,4,1
10,46,1,4
10,48,2,3
10,36,1,8
10,5,2,5
10,40,0,2
10,4,1,3
10,31,0,0
10,42,5,4
10,11,0,0
10,23,0,7
10,14,2,2
10,12,0,6
10,26,0,1
10,34,0,6
10,29,1,0
10,44,2,0
10,18,0,7
10,49,0,6
10,25,1,4
10,8,3,6
10,19,0,1
10,24,0,6
10,32,1,0
10,41,0,2
10,17,0,0
10,21,2,0
10,30,2,0
10,28,0,6
10,10,2,6
10,13,0,7
10,35,0,2
10,15,2,0
10,3,0,0
10,27,1,0
10,43,0,3
10,1,1,8
11,13,0,8
11,18,0,8
11,47,0,2
11,42,5,5
11,36,1,9
11,34,0,7
11,27,1,1
11,39,0,6
11,17,0,1
11,14,2,3
11,3,0,1
11,24,0,7
11,29,1,1
11,6,0,0
11,37,0,3
11,41,0,3
11,4,1,4
11,16,0,6
11,25,1,5
11,1,1,0
11,45,2,0
11,50,1,6
11,8,3,7
11,43,0,4
11,21,1,0
11,26,0,2
11,7,0,9
11,32,1,1
11,15,2,1
11,48,2,4
11,10,2,7
11,33,1,5
11,9,3,5
11,44,1,0
11,49,0,7
11,31,0,1
11,40,0,0
11,23,0,8
11,20,2,2
11,12,0,7
11,30,2,1
11,28,0,7
11,46,1,5
11,35,1,3
11,5,2,0
11,19,0,2
11,2,4,2
11,11,0,1
11,38,4,10
11,22,2,9
12,43,0,5
12,41,0,4
12,13,0,9
12,5,2,0
12,15,2,2
12,1,1,0
12,39,1,7
12,47,0,3
12,38,4,0
12,35,1,0
12,32,1,0
12,24,0,8
12,31,0,2
12,45,2,1
12,44,1,0
12,19,0,3
12,36,0,0
12,17,0,2
12,23,1,9
12,50,1,7
12,4,1,5
12,14,2,0
12,2,4,3
12,34,0,8
12,40,0,1
12,7,0,10
12,30,1,0
12,10,2,0
12,37,1,4
12,6,0,1
12,8,3,8
12,20,2,3
12,21,1,1
12,27,0,0
12,12,0,8
12,11,1,0
12,25,1,6
12,16,0,7
12,26,0,3
12,18,0,9
12,22,3,10
12,33,1,6
12,28,0,8
12,48,2,5
12,49,0,8
12,42,5,0
12,3,0,2
12,46,0,0
12,29,0,0
12,9,3,6
13,45,2,2
13,27,0,1
13,48,2,6
13,24,1,9
13,7,0,11
13,9,3,0
13,28,1,9
13,37,1,5
13,32,1,1
13,16,0,8
13,31,0,3
13,49,1,9
13,25,1,7
13,21,1,2
13,23,0,0
13,44,1,1
13,13,1,10
13,14,2,1
13,41,0,5
13,3,0,3
13,39,1,8
13,47,0,4
13,11,0,0
13,26,0,4
13,29,0,1
13,36,0,1
13,38,5,1
13,30,1,1
13,12,0,9
13,50,1,0
13,42,4,0
13,6,0,2
13,19,0,4
13,8,3,9
13,17,0,3
13,15,1,0
13,4,1,6
13,22,4,11
13,20,2,4
13,2,4,4
13,34,0,9
13,1,1,1
13,35,0,0
13,5,1,0
13,46,0,1
13,40,0,2
13,33,1,7
13,10,2,0
13,43,0,6
13,18,0,10
14,42,4,1
14,23,0,1
14,22,5,12
14,6,0,3
14,33,1,0
14,21,1,0
14,17,0,4
14,20,2,5
14,35,0,1
14,28,0,0
14,11,0,1
14,12,0,10
14,48,3,7
14,41,0,6
14,10,2,1
14,5,0,0
14,36,0,2
14,14,2,2
14,15,1,0
14,2,4,0
14,40,0,3
14,25,1,0
14,13,1,11
14,31,0,4
14,32,1,0
14,46,0,2
14,18,1,11
14,7,0,12
14,24,1,10
14,47,0,5
14,30,1,0
14,1,1,0
14,49,0,0
14,44,2,2
14,4,1,0
14,29,0,2
14,16,0,0
14,27,0,2
14,38,4,0
14,39,1,9
14,45,3,3
14,50,1,0
14,26,0,5
14,8,2,0
14,19,0,5
14,3,0,4
14,34,0,10
14,37,1,6
14,9,3,1
14,43,0,7
15,46,0,3
15,6,0,4
15,15,1,0
15,20,2,6
15,17,0,5
15,13,1,0
15,39,1,10
15,16,0,1
15,25,1,1
15,26,0,6
15,45,3,0
15,49,0,1
15,19,1,6
15,30,1,0
15,10,2,2
15,1,0,0
15,27,0,3
15,4,1,1
15,12,0,11
15,48,3,8
15,11,0,2
15,41,0,7
15,3,0,5
15,8,1,0
15,43,0,8
15,22,5,13
15,5,0,1
15,44,2,3
15,36,0,3
15,9,2,0
15,47,1,6
15,24,0,0
15,32,2,1
15,31,0,5
15,42,4,2
15,37,0,0
15,2,5,1
15,35,0,2
15,14,3,3
15,7,0,13
15,28,0,1
15,23,0,2
15,40,0,4
15,34,1,11
15,18,1,12
15,29,0,3
15,50,1,0
15,38,4,1
15,33,1,1
15,21,0,0
16,16,0,2
16,28,0,2
16,11,0,3
16,2,5,2
16,24,0,1
16,17,1,6
16,41,0,8
16,20,2,7
16,26,0,7
16,47,0,0
16,33,1,2
16,39,1,11
16,50,1,1
16,45,2,0
16,49,0,2
16,9,2,1
16,14,3,4
16,36,0,4
16,21,1,1
16,10,2,3
16,43,0,9
16,34,0,0
16,38,4,0
16,48,3,0
16,40,0,5
16,1,0,1
16,25,1,2
16,18,1,0
16,6,1,5
16,5,0,2
16,35,0,3
16,31,0,6
16,19,1,0
16,15,2,1
16,32,2,2
16,42,3,0
16,27,0,4
16,37,0,1
16,46,0,4
16,30,1,1
16,44,3,4
16,3,0,6
16,7,0,14
16,23,0,3
16,8,1,1
16,29,0,4
16,22,4,0
16,4,1,2
16,13,1,1
16,12,0,12
17,12,0,13
17,2,5,3
17,34,0,1
17,14,3,0
17,43,0,10
17,36,0,5
17,28,0,3
17,5,0,3
17,24,0,2
17,8,1,2
17,22,4,1
17,33,1,0
17,40,0,6
17,30,1,0
17,4,1,0
17,25,1,3
17,41,0,9
17,31,0,7
17,39,1,12
17,13,1,2
17,16,0,3
17,3,0,7
17,48,3,1
17,26,0,8
17,21,0,0
17,9,2,0
17,18,1,0
17,29,0,5
17,17,1,7
17,6,1,6
17,1,0,2
17,46,0,5
17,19,1,1
17,49,0,3
17,44,3,0
17,20,2,8
17,10,2,4
17,11,0,4
17,38,4,0
17,35,0,4
17,15,2,2
17,42,3,0
17,27,0,5
17,37,1,2
17,45,2,1
17,32,2,3
17,23,0,4
17,7,0,15
17,50,1,2
17,47,0,1
18,22,4,2
18,39,1,13
18,19,0,0
18,37,1,3
18,35,0,5
18,17,1,8
18,42,4,1
18,10,2,5
18,21,0,1
18,41,0,10
18,7,0,16
18,34,0,2
18,9,2,1
18,26,0,9
18,31,0,8
18,16,0,4
18,38,4,0
18,15,2,0
18,46,1,6
18,47,0,2
18,8,1,0
18,5,1,4
18,20,2,0
18,14,3,1
18,32,2,4
18,50,1,3
18,25,1,4
18,48,3,2
18,44,3,1
18,45,2,0
18,6,1,7
18,29,0,6
18,18,0,0
18,36,0,6
18,30,1,0
18,33,1,1
18,13,1,3
18,43,0,11
18,24,0,3
18,49,0,4
18,12,0,14
18,28,0,4
18,4,0,0
18,2,5,4
18,40,0,7
18,1,0,3
18,11,0,5
18,23,0,5
18,27,0,6
18,3,0,8
19,6,1,8
19,17,1,9
19,36,0,7
19,45,3,1
19,27,0,7
19,22,5,3
19,24,0,4
19,29,0,7
19,11,0,6
19,13,0,0
19,47,0,3
19,19,0,1
19,48,3,0
19,25,1,5
19,2,5,5
19,3,0,9
19,42,4,2
19,15,2,0
19,23,0,6
19,16,0,5
19,7,0,17
19,40,0,8
19,26,0,10
19,38,3,0
19,20,2,1
19,31,0,9
19,43,0,12
19,44,3,2
19,39,2,14
19,49,0,5
19,28,0,5
19,50,0,0
19,18,0,1
19,5,0,0
19,32,2,5
19,30,1,1
19,34,0,3
19,1,0,4
19,21,0,2
19,41,0,11
19,10,2,0
19,33,2,2
19,37,1,0
19,8,1,1
19,12,0,15
19,46,1,7
19,9,2,2
19,35,0,6
19,14,3,2
19,4,0,1
20,30,0,0
20,48,3,1
20,7,0,18
20,20,2,0
20,5,1,1
20,6,2,9
20,2,4,0
20,14,3,3
20,23,0,7
20,19,0,2
20,15,2,1
20,49,0,6
20,39,2,0
20,32,2,6
20,37,1,1
20,41,0,12
20,18,0,2
20,35,0,7
20,24,0,5
20,26,0,11
20,42,3,0
20,46,1,8
20,9,1,0
20,33,1,0
20,29,0,8
20,27,0,8
20,28,0,6
20,4,0,2
20,1,0,5
20,50,0,1
20,31,0,10
20,12,0,16
20,11,0,7
20,40,0,9
20,3,0,10
20,10,2,0
20,44,3,3
20,25,3,6
20,38,2,0
20,22,5,4
20,8,1,0
20,36,0,8
20,43,0,13
20,13,0,1
20,16,0,6
20,17,1,10
20,45,4,2
20,47,0,4
20,21,0,3
20,34,1,4
21,13,0,2
21,39,2,1
21,25,3,7
21,26,0,12
21,31,0,11
21,2,3,0
21,22,5,5
21,4,0,3
21,27,0,9
21,29,0,9
21,45,4,0
21,49,0,7
21,8,0,0
21,11,0,8
21,46,1,0
21,7,0,19
21,48,3,0
21,37,0,0
21,47,0,5
21,35,0,8
21,43,0,14
21,20,2,1
21,16,0,7
21,1,0,6
21,33,1,1
21,42,3,0
21,14,3,0
21,24,0,6
21,15,2,2
21,6,2,10
21,21,0,4
21,41,0,13
21,12,0,17
21,18,0,3
21,30,0,1
21,5,1,2
21,28,0,7
21,32,2,7
21,19,0,3
21,40,0,10
21,10,2,1
21,36,0,9
21,9,1,1
21,34,2,5
21,50,0,2
21,17,1,11
21,23,1,8
21,3,0,11
21,38,3,1
21,44,3,4
22,6,1,0
22,27,0,10
22,44,2,0
22,35,0,9
22,15,2,3
22,3,0,12
22,22,4,0
22,23,1,9
22,46,1,0
22,32,2,8
22,45,4,1
22,49,0,8
22,17,1,0
22,8,0,1
22,21,0,5
22,30,0,2
22,5,2,0
22,14,3,0
22,1,0,7
22,38,3,0
22,31,1,12
22,11,0,9
22,28,0,8
22,24,1,0
22,36,0,10
22,50,0,3
22,39,2,2
22,12,0,18
22,7,0,20
22,34,2,6
22,33,1,2
22,10,1,0
22,43,0,15
22,18,1,4
22,4,0,4
22,25,2,0
22,37,0,1
22,40,0,11
22,47,0,6
22,16,0,8
22,26,0,13
22,13,0,3
22,19,0,4
22,41,0,14
22,20,3,2
22,2,4,1
22,48,3,1
22,29,0,10
22,9,1,0
22,42,2,0
23,22,4,0
23,11,0,10
23,39,1,0
23,36,0,11
23,16,0,9
23,47,0,7
23,3,0,13
23,20,3,0
23,6,1,1
23,15,1,0
23,21,1,6
23,30,0,3
23,41,0,15
23,17,1,0
23,5,2,1
23,42,2,1
23,48,3,2
23,50,0,4
23,7,1,0
23,26,0,14
23,14,3,0
23,38,2,0
23,32,2,9
23,23,1,10
23,2,4,2
23,35,0,10
23,8,0,2
23,44,2,1
23,29,0,11
23,40,0,12
23,4,0,5
23,10,1,1
23,37,0,2
23,13,0,4
23,46,0,0
23,31,1,13
23,18,1,5
23,49,0,9
23,25,2,0
23,9,1,1
23,24,1,1
23,28,1,9
23,27,0,11
23,19,0,5
23,1,0,8
23,43,0,16
23,34,1,0
23,33,1,3
23,12,2,0
23,45,4,2
24,26,0,15
24,23,1,11
24,4,1,6
24,33,1,4
24,50,0,5
24,19,0,6
24,10,1,0
24,49,0,10
24,18,1,0
24,43,0,17
24,25,2,1
24,47,0,8
24,46,0,1
24,9,1,0
24,6,1,2
24,16,0,10
24,39,1,0
24,32,2,10
24,3,0,14
24,48,4,3
24,35,0,11
24,38,3,1
24,11,0,11
24,15,1,1
24,5,1,0
24,44,2,0
24,30,0,4
24,28,0,0
24,20,3,1
24,31,1,14
24,24,1,0
24,36,0,12
24,14,3,1
24,29,0,12
24,40,0,13
24,45,4,3
24,27,0,12
24,8,0,3
24,42,2,2
24,12,1,0
24,34,1,0
24,37,0,3
24,2,4,0
24,41,0,16
24,22,4,0
24,7,1,0
24,17,2,1
24,13,0,5
24,21,0,0
24,1,0,9
25,8,0,4
25,11,0,12
25,47,0,9
25,30,0,5
25,46,0,2
25,7,0,0
25,12,1,1
25,32,2,11
25,10,0,0
25,19,0,7
25,18,1,1
25,44,2,0
25,38,2,0
25,17,2,2
25,9,0,0
25,35,0,12
25,42,3,0
25,26,0,16
25,36,0,13
25,15,1,2
25,14,3,2
25,3,2,15
25,25,2,2
25,29,1,0
25,23,1,12
25,45,4,4
25,20,2,0
25,40,0,14
25,21,1,1
25,28,0,1
25,5,0,0
25,13,0,6
25,37,0,4
25,22,4,1
25,33,1,5
25,43,0,18
25,2,4,0
25,27,0,13
25,50,0,6
25,16,0,11
25,49,1,11
25,4,2,7
25,24,1,1
25,48,3,0
25,39,1,1
25,34,1,1
25,6,0,0
25,1,0,10
25,31,1,0
25,41,1,17
26,31,1,1
26,2,4,1
26,1,0,11
26,43,1,19
26,17,1,0
26,29,1,0
26,44,1,0
26,19,0,8
26,22,4,2
26,4,1,0
26,48,3,1
26,21,1,2
26,13,0,7
26,16,0,12
26,50,0,7
26,35,0,13
26,7,0,1
26,12,2,2
26,49,1,12
26,30,0,6
26,25,2,3
26,23,0,0
26,36,0,14
26,39,1,0
26,18,1,2
26,27,0,14
26,6,0,1
26,8,0,5
26,33,2,0
26,24,1,2
26,14,3,3
26,28,0,2
26,3,2,16
26,11,0,13
26,34,1,2
26,47,1,10
26,40,0,15
26,38,2,1
26,26,0,17
26,32,4,12
26,20,1,0
26,10,0,1
26,9,0,1
26,45,4,5
26,46,0,3
26,37,0,5
26,5,1,0
26,41,1,18
26,42,2,0
26,15,0,0
27,46,0,4
27,24,1,3
27,35,0,14
27,19,0,9
27,22,4,3
27,5,2,1
27,26,1,18
27,47,1,11
27,3,2,0
27,6,0,2
27,50,0,8
27,41,1,19
27,49,0,0
27,12,3,0
27,23,0,1
27,2,4,2
27,11,0,14
27,1,0,12
27,45,3,0
27,17,1,1
27,39,1,1
27,21,1,0
27,10,0,2
27,13,0,8
27,20,2,1
27,15,0,1
27,31,1,0
27,34,0,0
27,37,0,6
27,33,2,0
27,30,0,7
27,42,2,0
27,25,2,4
27,14,3,0
27,40,0,16
27,32,3,0
27,7,1,2
27,36,0,15
27,38,2,2
27,43,0,0
27,18,0,0
27,28,1,3
27,4,1,1
27,9,0,2
27,48,3,2
27,27,0,15
27,44,1,1
27,8,0,6
27,16,0,13
27,29,1,1
28,46,0,5
28,38,2,0
28,18,0,1
28,39,1,2
28,49,0,1
28,48,4,3
28,30,0,8
28,32,3,1
28,8,0,7
28,50,0,9
28,11,0,15
28,26,1,0
28,24,1,4
28,21,1,1
28,42,2,0
28,13,0,9
28,19,0,10
28,33,2,1
28,4,1,0
28,43,0,1
28,34,0,1
28,20,2,0
28,29,1,2
28,1,0,13
28,3,2,1
28,22,4,4
28,23,0,2
28,41,1,20
28,27,0,16
28,36,0,16
28,14,3,1
28,15,0,2
28,17,1,0
28,25,2,5
28,12,3,1
28,5,2,2
28,45,3,0
28,2,4,0
28,47,1,12
28,6,0,3
28,40,0,17
28,44,1,0
28,37,0,7
28,28,0,0
28,7,1,3
28,9,0,3
28,16,0,14
28,31,1,1
28,35,0,15
28,10,0,3
29,26,1,0
29,37,0,8
29,31,1,2
29,49,0,2
29,18,0,2
29,6,0,4
29,23,0,3
29,17,0,0
29,25,2,6
29,13,0,10
29,24,0,0
29,14,3,2
29,29,1,3
29,3,2,2
29,41,1,21
29,2,4,0
29,33,2,2
29,39,1,3
29,4,2,1
29,19,0,11
29,40,0,18
29,36,0,17
29,12,3,2
29,5,2,0
29,42,2,1
29,21,1,2
29,1,0,14
29,8,0,8
29,38,2,1
29,47,1,13
29,28,0,1
29,45,3,0
29,9,1,4
29,34,0,2
29,10,0,4
29,43,0,2
29,32,3,2
29,16,0,15
29,46,0,6
29,50,0,10
29,20,2,1
29,15,0,3
29,11,0,16
29,44,1,1
29,22,4,5
29,27,0,17
29,30,0,9
29,7,0,0
29,35,0,16
29,48,5,0
30,3,2,3
30,18,0,3
30,16,0,16
30,17,0,1
30,33,2,3
30,24,0,1
30,15,0,4
30,5,2,1
30,41,1,0
30,26,0,0
30,7,1,1
30,40,0,19
30,42,2,2
30,20,2,2
30,50,0,11
30,43,0,3
30,36,0,18
30,39,2,4
30,8,0,9
30,37,0,9
30,34,0,3
30,32,3,3
30,6,0,5
30,1,0,15
30,48,5,1
30,46,0,7
30,10,0,5
30,22,4,6
30,4,2,2
30,13,0,11
30,11,0,17
30,21,1,0
30,45,3,1
30,49,0,3
30,19,0,12
30,9,1,5
30,31,0,0
30,35,0,17
30,38,2,2
30,29,1,4
30,23,1,4
30,12,3,3
30,14,3,3
30,28,0,0
30,2,4,1
30,25,2,0
30,44,1,0
30,27,0,18
30,47,0,0
30,30,0,10
31,3,2,4
31,32,3,4
31,4,2,3
31,38,3,0
31,28,0,1
31,37,0,10
31,6,0,6
31,20,2,3
31,14,3,4
31,11,0,18
31,26,0,1
31,42,2,3
31,5,2,0
31,15,0,5
31,23,1,5
31,12,2,0
31,30,0,11
31,22,3,0
31,45,3,0
31,19,0,13
31,25,2,1
31,46,0,8
31,49,0,4
31,21,1,1
31,36,0,19
31,31,0,1
31,8,0,10
31,48,5,0
31,47,0,1
31,43,0,4
31,2,4,2
31,33,2,4
31,50,0,12
31,44,1,1
31,7,1,2
31,10,0,6
31,1,0,16
31,24,0,2
31,29,1,5
31,34,0,4
31,40,0,20
31,13,1,12
31,39,1,0
31,35,0,18
31,17,0,2
31,41,1,0
31,16,0,17
31,27,0,19
31,9,2,6
31,18,0,4
32,24,0,3
32,21,1,2
32,14,3,0
32,17,0,3
32,19,0,14
32,1,0,17
32,48,5,0
32,37,0,11
32,34,0,5
32,15,0,6
32,5,2,0
32,46,0,9
32,40,0,21
32,26,0,2
32,11,0,19
32,8,0,11
32,23,1,6
32,3,2,5
32,41,0,0
32,13,1,13
32,10,0,7
32,44,2,2
32,39,1,1
32,32,2,0
32,45,3,1
32,31,0,2
32,16,0,18
32,18,0,5
32,43,0,5
32,30,0,12
32,20,2,4
32,25,2,2
32,9,2,7
32,36,0,20
32,33,2,0
32,47,1,2
32,22,3,1
32,12,1,0
32,29,1,6
32,28,0,2
32,27,0,20
32,2,4,3
32,49,0,5
32,7,1,3
32,4,2,4
32,50,0,13
32,6,1,7
32,42,2,0
32,38,3,1
32,35,0,19
33,13,1,14
33,21,1,3
33,6,1,8
33,40,0,22
33,33,2,1
33,44,2,0
33,2,3,0
33,23,1,0
33,25,2,3
33,11,0,20
33,24,2,4
33,42,2,1
33,28,0,3
33,37,0,12
33,7,1,4
33,20,2,5
33,41,1,1
33,30,0,13
33,32,1,0
33,35,0,20
33,9,2,8
33,16,0,19
33,22,3,2
33,17,1,4
33,26,0,3
33,15,1,7
33,29,1,7
33,18,0,6
33,10,0,8
33,49,0,6
33,5,2,1
33,48,4,0
33,14,2,0
33,27,0,21
33,3,2,6
33,8,0,12
33,45,3,2
33,4,2,5
33,47,1,3
33,43,0,6
33,31,0,3
33,50,0,14
33,12,1,1
33,1,0,18
33,39,0,0
33,36,0,21
33,46,0,10
33,34,0,6
33,19,0,15
33,38,3,0
34,13,1,0
34,47,1,4
34,23,1,1
34,24,3,0
34,31,0,4
34,28,0,4
34,10,1,9
34,6,1,9
34,4,1,0
34,18,0,7
34,30,0,14
34,46,0,11
34,25,2,0
34,35,0,21
34,33,2,2
34,48,3,0
34,43,0,7
34,3,2,7
34,36,0,22
34,1,0,19
34,44,1,0
34,15,1,8
34,49,0,7
34,26,0,4
34,27,0,22
34,19,0,16
34,7,1,5
34,16,0,20
34,39,1,0
34,45,3,3
34,38,3,1
34,32,2,1
34,41,1,0
34,21,2,4
34,11,0,21
34,2,3,1
34,17,1,0
34,12,1,2
34,34,0,7
34,8,0,13
34,37,0,13
34,5,2,2
34,50,0,15
34,42,2,2
34,22,3,3
34,9,1,0
34,14,1,0
34,29,1,0
34,40,0,23
34,20,2,6
35,17,1,1
35,22,3,4
35,11,0,22
35,12,1,3
35,28,0,5
35,45,3,4
35,49,0,8
35,27,0,23
35,38,3,2
35,26,0,5
35,44,1,1
35,39,2,1
35,4,1,0
35,9,1,1
35,20,2,0
35,32,2,2
35,2,3,2
35,16,0,21
35,6,1,10
35,1,0,20
35,25,2,1
35,15,1,0
35,21,2,0
35,41,1,1
35,29,1,0
35,18,0,8
35,3,2,8
35,19,0,17
35,47,0,0
35,7,1,0
35,31,0,5
35,24,3,1
35,10,1,10
35,35,0,22
35,13,1,1
35,46,0,12
35,48,3,0
35,42,3,3
35,23,1,2
35,40,0,24
35,14,0,0
35,8,0,14
35,34,0,8
35,43,0,8
35,50,0,16
35,36,0,23
35,5,2,3
35,37,0,14
35,30,0,15
35,33,2,3
36,46,0,13
36,48,2,0
36,8,0,15
36,18,0,9
36,29,1,1
36,24,2,0
36,41,1,0
36,20,2,0
36,34,0,9
36,2,4,3
36,14,1,1
36,1,1,21
36,36,0,24
36,3,1,0
36,15,1,0
36,12,1,4
36,10,1,11
36,26,0,6
36,45,3,5
36,39,3,0
36,42,2,0
36,23,1,0
36,38,3,3
36,28,0,6
36,4,1,1
36,37,0,15
36,40,0,25
36,5,2,4
36,11,1,23
36,47,1,1
36,17,0,0
36,21,2,0
36,13,1,2
36,6,1,11
36,7,1,1
36,19,0,18
36,27,0,24
36,16,0,22
36,32,3,0
36,44,0,0
36,31,0,6
36,22,3,5
36,25,1,0
36,43,1,9
36,50,0,17
36,33,1,0
36,9,1,2
36,49,0,9
36,30,0,16
36,35,0,23
37,13,1,3
37,50,0,18
37,16,1,23
37,23,1,0
37,28,0,7
37,33,1,1
37,48,2,0
37,15,0,0
37,5,1,0
37,36,0,0
37,27,0,25
37,11,1,0
37,20,3,1
37,26,0,7
37,17,0,1
37,8,0,16
37,42,3,1
37,6,1,12
37,18,0,10
37,19,0,19
37,35,0,24
37,24,1,0
37,21,1,0
37,3,2,1
37,29,1,2
37,7,1,0
37,44,0,1
37,39,3,0
37,1,2,22
37,14,1,2
37,38,3,4
37,10,1,12
37,41,2,1
37,30,0,17
37,22,3,6
37,9,1,3
37,45,2,0
37,32,2,0
37,40,0,26
37,43,0,0
37,47,1,2
37,2,5,4
37,37,0,16
37,46,0,14
37,34,0,10
37,4,0,0
37,49,0,10
37,25,1,1
37,31,2,0
37,12,0,0
38,28,0,8
38,26,0,8
38,49,0,11
38,13,1,4
38,18,0,11
38,42,3,0
38,33,1,2
38,4,0,1
38,3,1,0
38,14,1,3
38,17,0,2
38,1,2,0
38,34,0,11
38,6,2,13
38,12,0,1
38,48,2,1
38,15,0,1
38,43,0,1
38,41,2,2
38,30,0,18
38,5,0,0
38,27,0,26
38,7,1,1
38,25,1,2
38,29,0,0
38,19,0,20
38,11,0,0
38,31,1,0
38,36,0,1
38,21,1,1
38,22,3,7
38,24,1,1
38,8,1,17
38,16,1,24
38,23,1,0
38,40,0,27
38,47,1,3
38,39,4,0
38,44,0,2
38,20,3,2
38,50,1,19
38,45,1,0
38,2,6,5
38,10,1,0
38,9,1,4
38,46,0,15
38,32,2,0
38,37,1,17
38,35,0,25
38,38,3,5
39,20,3,0
39,1,1,0
39,47,1,4
39,28,0,9
39,33,1,0
39,2,6,6
39,13,1,5
39,3,1,0
39,45,1,1
39,42,3,1
39,4,0,2
39,26,1,9
39,37,2,0
39,14,1,4
39,8,1,18
39,25,0,0
39,24,1,2
39,44,0,3
39,10,1,0
39,43,0,2
39,39,4,1
39,9,1,5
39,18,0,12
39,29,0,1
39,23,0,0
39,6,2,14
39,7,0,0
39,22,3,8
39,32,2,0
39,35,0,26
39,21,1,2
39,40,0,28
39,50,1,0
39,34,0,12
39,48,2,0
39,31,1,1
39,46,0,16
39,38,4,6
39,19,0,21
39,16,0,0
39,49,0,12
39,30,1,19
39,11,0,1
39,5,1,1
39,36,0,2
39,12,0,2
39,15,0,2
39,17,0,3
39,27,0,27
39,41,2,3
40,27,0,28
40,12,0,3
40,26,0,0
40,30,1,20
40,29,0,2
40,8,1,19
40,11,0,2
40,6,3,0
40,7,1,1
40,44,1,4
40,28,0,10
40,49,0,13
40,2,6,7
40,5,1,0
40,23,0,1
40,36,0,3
40,38,4,0
40,25,0,1
40,13,1,0
40,47,2,0
40,43,0,3
40,9,2,0
40,34,0,13
40,41,3,4
40,40,0,29
40,16,0,1
40,33,1,1
40,21,1,0
40,42,4,0
40,20,3,0
40,48,2,1
40,22,3,9
40,37,2,1
40,3,1,1
40,10,0,0
40,35,0,27
40,46,0,17
40,45,1,2
40,32,1,0
40,39,3,0
40,50,0,0
40,1,1,0
40,19,0,22
40,18,0,13
40,14,1,5
40,31,0,0
40,15,0,3
40,24,0,0
40,17,0,4
40,4,0,3
41,7,1,2
41,15,1,4
41,5,1,1
41,10,0,1
41,4,0,4
41,20,3,1
41,2,6,0
41,50,1,1
41,43,0,4
41,11,0,3
41,36,1,4
41,48,2,2
41,31,0,1
41,3,1,2
41,37,2,0
41,22,3,10
41,38,4,1
41,40,1,30
41,44,1,5
41,30,1,21
41,49,0,14
41,18,0,14
41,25,0,2
41,9,1,0
41,6,3,1
41,21,1,0
41,14,1,6
41,28,0,11
41,32,1,1
41,26,0,0
41,24,0,1
41,42,3,0
41,27,0,29
41,17,0,5
41,34,0,14
41,45,0,0
41,29,0,3
41,39,3,1
41,47,1,0
41,33,1,2
41,41,3,0
41,23,0,2
41,1,1,0
41,8,1,20
41,16,0,2
41,13,1,1
41,19,0,23
41,46,0,18
41,12,0,4
41,35,0,28
42,6,3,0
42,49,0,15
42,35,0,29
42,1,0,0
42,44,1,0
42,37,2,1
42,48,2,0
42,24,0,2
42,39,2,0
42,43,0,5
42,13,0,0
42,28,0,12
42,32,1,2
42,14,1,7
42,40,1,31
42,8,1,21
42,10,1,2
42,42,3,1
42,21,1,1
42,22,3,0
42,27,0,30
42,12,0,5
42,33,1,3
42,5,1,0
42,18,0,15
42,15,1,5
42,36,1,5
42,16,0,3
42,7,1,3
42,17,0,6
42,46,0,19
42,4,0,5
42,23,1,3
42,9,1,1
42,25,0,3
42,20,3,0
42,47,2,0
42,34,0,15
42,38,4,2
42,26,0,1
42,29,0,4
42,31,0,2
42,2,6,1
42,41,3,1
42,45,0,1
42,19,0,24
42,30,2,22
42,3,1,3
42,50,0,0
42,11,0,4
43,40,1,32
43,44,1,1
43,13,0,1
43,8,0,0
43,1,0,1
43,48,2,0
43,23,1,4
43,30,1,0
43,14,1,8
43,6,2,0
43,12,0,6
43,18,0,16
43,32,1,3
43,27,1,31
43,43,0,6
43,46,0,20
43,26,0,2
43,33,0,0
43,38,4,3
43,36,0,0
43,37,2,0
43,29,0,5
43,20,2,0
43,7,1,0
43,17,1,7
43,35,0,30
43,19,0,25
43,11,0,5
43,45,0,2
43,41,3,2
43,21,2,2
43,24,0,3
43,10,1,3
43,9,2,2
43,31,0,3
43,3,0,0
43,22,3,1
43,5,1,0
43,2,6,2
43,16,0,4
43,25,0,4
43,28,0,13
43,15,1,6
43,50,1,1
43,49,0,16
43,34,0,16
43,39,2,0
43,42,3,2
43,47,4,0
43,4,0,6
44,17,1,8
44,48,2,0
44,23,0,0
44,13,0,2
44,36,0,1
44,33,0,1
44,25,0,5
44,10,1,4
44,26,0,3
44,1,0,2
44,35,0,31
44,42,3,3
44,41,3,3
44,24,0,4
44,49,0,17
44,14,1,9
44,11,0,6
44,8,0,1
44,15,1,7
44,38,4,4
44,6,2,0
44,5,1,1
44,32,1,4
44,16,0,5
44,30,3,1
44,3,0,1
44,12,0,7
44,50,1,2
44,28,0,14
44,40,1,33
44,39,2,1
44,9,2,3
44,4,0,7
44,22,3,2
44,19,0,26
44,29,0,6
44,34,0,17
44,47,4,1
44,20,2,0
44,2,6,3
44,46,0,21
44,43,0,7
44,45,0,3
44,18,0,17
44,7,1,1
44,37,2,1
44,21,2,0
44,44,0,0
44,27,1,0
44,31,0,4
45,30,2,0
45,4,0,8
45,14,0,0
45,37,2,2
45,45,1,4
45,46,0,22
45,5,1,2
45,27,1,1
45,40,1,34
45,24,0,5
45,36,0,2
45,32,1,5
45,22,3,3
45,49,0,18
45,34,0,18
45,42,3,4
45,38,4,5
45,6,2,1
45,26,0,4
45,25,0,6
45,31,1,5
45,3,0,2
45,47,4,2
45,23,0,1
45,11,0,7
45,15,1,8
45,48,2,1
45,8,0,2
45,12,0,8
45,18,1,18
45,16,0,6
45,43,0,8
45,13,0,3
45,41,3,4
45,21,2,0
45,9,2,4
45,33,0,2
45,17,0,0
45,39,3,2
45,44,0,1
45,29,0,7
45,50,1,3
45,1,0,3
45,10,1,5
45,7,1,2
45,19,0,27
45,35,0,32
45,28,0,15
45,2,6,0
45,20,1,0
46,15,1,9
46,2,6,1
46,7,0,0
46,37,1,0
46,13,0,4
46,45,0,0
46,8,0,3
46,18,0,0
46,16,0,7
46,30,2,1
46,31,1,6
46,34,0,19
46,32,1,0
46,46,0,23
46,1,0,4
46,4,0,9
46,38,5,6
46,43,0,9
46,50,1,4
46,6,2,2
46,21,2,1
46,9,3,5
46,48,3,2
46,19,0,28
46,11,0,8
46,14,0,1
46,49,0,19
46,3,0,3
46,39,3,0
46,12,0,9
46,24,0,6
46,42,3,5
46,22,2,0
46,44,0,2
46,33,1,3
46,41,3,5
46,20,0,0
46,29,0,8
46,40,1,35
46,25,1,7
46,35,0,33
46,23,0,2
46,36,0,3
46,47,4,3
46,17,0,1
46,27,1,2
46,26,0,5
46,28,0,16
46,10,2,6
46,5,1,3
47,13,0,5
47,42,4,6
47,30,2,2
47,47,3,0
47,43,0,10
47,12,0,10
47,41,2,0
47,16,0,8
47,28,0,17
47,1,0,5
47,22,2,1
47,9,3,6
47,7,0,1
47,27,0,0
47,21,3,2
47,2,6,0
47,34,0,20
47,14,0,2
47,46,0,24
47,29,1,9
47,6,2,3
47,10,2,7
47,24,0,7
47,45,0,1
47,25,2,8
47,23,0,3
47,31,1,7
47,49,0,20
47,8,0,4
47,4,0,10
47,40,1,36
47,33,1,4
47,20,0,1
47,32,1,1
47,50,1,5
47,48,3,3
47,11,0,9
47,35,0,34
47,3,1,4
47,37,1,0
47,5,1,4
47,44,0,3
47,39,2,0
47,38,4,0
47,19,0,29
47,18,0,1
47,17,0,2
47,26,0,6
47,36,0,4
47,15,1,10
48,45,0,2
48,18,0,2
48,20,0,2
48,47,3,0
48,5,1,0
48,44,0,4
48,40,1,0
48,28,0,18
48,49,1,21
48,26,0,7
48,34,0,21
48,16,0,9
48,7,0,2
48,29,0,0
48,41,2,1
48,31,0,0
48,27,0,1
48,39,2,1
48,6,2,4
48,2,6,0
48,24,1,8
48,9,3,0
48,38,4,1
48,33,1,5
48,46,0,25
48,13,0,6
48,35,0,35
48,32,1,2
48,42,4,7
48,25,2,9
48,10,2,0
48,48,3,4
48,14,0,3
48,17,0,3
48,23,0,4
48,3,1,0
48,30,2,0
48,15,1,11
48,19,0,30
48,50,1,6
48,22,2,0
48,1,0,6
48,12,0,11
48,21,3,0
48,43,0,11
48,11,0,10
48,8,0,5
48,37,1,0
48,4,0,11
48,36,0,5
49,9,3,1
49,38,4,0
49,23,0,5
49,19,0,31
49,42,4,8
49,22,2,1
49,40,1,1
49,49,1,22
49,3,1,0
49,35,0,36
49,25,2,10
49,27,0,2
49,46,0,26
49,17,1,4
49,44,0,5
49,13,0,7
49,15,1,12
49,48,3,5
49,31,0,1
49,33,0,0
49,47,2,0
49,30,1,0
49,2,6,1
49,12,0,12
49,39,2,2
49,20,0,3
49,32,1,3
49,50,1,7
49,7,0,3
49,5,1,0
49,4,0,12
49,28,0,19
49,43,0,12
49,10,3,1
49,18,1,0
49,24,1,0
49,6,2,5
49,29,0,1
49,37,0,0
49,26,0,8
49,8,0,6
49,16,0,10
49,11,0,11
49,36,0,6
49,45,0,3
49,14,0,4
49,41,2,2
49,34,1,22
49,1,0,7
49,21,3,1
50,11,0,12
50,12,0,13
50,30,0,0
50,47,1,0
50,29,0,2
50,32,1,4
50,4,0,13
50,13,0,8
50,18,1,0
50,26,0,9
50,42,3,0
50,36,0,7
50,16,0,11
50,43,1,13
50,28,0,20
50,17,1,0
50,46,0,27
50,33,0,1
50,19,0,32
50,27,0,3
50,45,0,4
50,34,1,23
50,3,2,0
50,25,2,11
50,24,2,1
50,31,0,2
50,5,1,1
50,21,4,2
50,23,0,6
50,14,0,5
50,15,1,13
50,39,2,3
50,10,2,0
50,41,3,3
50,9,3,2
50,8,0,7
50,20,0,4
50,37,0,1
50,7,0,4
50,2,6,2
50,49,1,23
50,38,4,1
50,44,0,6
50,50,1,8
50,35,0,37
50,22,2,0
50,48,3,6
50,6,1,0
50,1,0,8
50,40,1,2
51,14,0,6
51,5,1,2
51,35,0,38
51,31,0,3
51,17,1,1
51,46,0,28
51,1,0,9
51,24,2,2
51,25,2,12
51,15,1,14
51,22,3,1
51,21,4,0
51,11,0,13
51,3,2,1
51,7,0,5
51,10,2,0
51,12,0,14
51,38,4,0
51,44,0,7
51,32,1,5
51,39,2,4
51,23,0,7
51,36,0,8
51,45,0,5
51,34,1,24
51,9,3,0
51,26,0,10
51,43,0,0
51,13,0,9
51,16,0,12
51,28,0,21
51,48,3,7
51,49,1,24
51,30,0,1
51,20,0,5
51,37,0,2
51,42,3,1
51,8,0,8
51,4,0,14
51,40,1,3
51,19,0,33
51,41,3,4
51,6,1,1
51,29,0,3
51,27,0,4
51,33,0,2
51,50,1,0
51,2,5,0
51,18,2,0
51,47,1,1
52,37,0,3
52,5,1,3
52,12,0,15
52,8,0,9
52,3,2,2
52,34,1,25
52,29,0,4
52,46,0,29
52,14,0,7
52,24,2,3
52,26,0,11
52,19,1,34
52,17,1,2
52,44,1,8
52,15,1,0
52,45,0,6
52,21,4,0
52,40,1,0
52,41,3,5
52,23,0,8
52,11,0,14
52,16,0,13
52,30,1,2
52,4,0,15
52,42,3,2
52,38,4,1
52,36,0,9
52,31,0,4
52,10,1,0
52,28,0,22
52,43,0,1
52,50,0,0
52,1,0,10
52,22,2,0
52,2,5,0
52,25,1,0
52,6,1,2
52,7,0,6
52,18,2,0
52,39,2,0
52,48,3,8
52,20,1,6
52,33,0,3
52,49,1,25
52,9,3,1
52,27,1,5
52,32,0,0
52,13,0,10
52,35,0,39
52,47,1,2
53,17,0,0
53,32,0,1
53,29,0,5
53,35,0,40
53,36,0,10
53,4,0,16
53,23,0,9
53,22,2,1
53,2,5,1
53,11,0,15
53,47,1,3
53,18,2,0
53,40,1,1
53,34,1,26
53,44,1,9
53,26,0,12
53,50,0,1
53,13,0,11
53,12,0,16
53,43,0,2
53,9,3,2
53,46,0,30
53,49,1,0
53,41,3,6
53,5,1,0
53,33,0,4
53,25,1,0
53,28,0,23
53,24,2,4
53,7,0,7
53,15,1,1
53,30,1,3
53,8,0,10
53,1,0,11
53,3,2,3
53,38,4,2
53,42,3,3
53,10,1,1
53,14,0,8
53,20,1,7
53,31,0,5
53,6,1,3
53,37,0,4
53,19,1,0
53,27,2,6
53,39,2,1
53,45,0,7
53,48,3,9
53,21,4,1
53,16,0,14
54,26,0,13
54,14,0,9
54,1,0,12
54,41,3,0
54,50,0,2
54,39,2,2
54,32,1,2
54,27,2,7
54,22,1,0
54,34,1,27
54,11,0,16
54,17,0,1
54,21,4,2
54,30,1,4
54,49,0,0
54,23,0,10
54,35,0,41
54,31,1,6
54,43,0,3
54,19,1,1
54,40,0,0
54,20,1,8
54,29,0,6
54,9,3,3
54,8,0,11
54,38,4,3
54,36,0,11
54,45,0,8
54,18,2,0
54,16,0,15
54,13,1,12
54,4,0,17
54,3,2,4
54,15,0,0
54,44,3,10
54,2,4,0
54,28,0,24
54,7,0,8
54,24,2,5
54,46,0,31
54,5,1,1
54,42,3,0
54,37,0,5
54,48,3,0
54,12,0,17
54,25,1,1
54,47,1,4
54,10,1,2
54,6,1,4
54,33,0,5
55,42,2,0
55,8,0,12
55,45,0,9
55,10,1,3
55,5,1,2
55,38,4,4
55,26,0,14
55,4,0,18
55,12,0,18
55,18,2,1
55,21,4,3
55,11,0,17
55,17,0,2
55,44,3,11
55,36,0,12
55,47,1,5
55,13,2,0
55,7,0,9
55,34,1,28
55,23,0,11
55,29,0,7
55,46,0,32
55,35,0,42
55,25,0,0
55,33,0,6
55,31,1,0
55,32,2,0
55,1,0,13
55,15,0,1
55,6,1,5
55,19,0,0
55,37,1,6
55,9,2,0
55,16,0,16
55,43,0,4
55,49,1,1
55,3,1,0
55,28,1,0
55,22,1,1
55,27,2,8
55,48,3,0
55,2,4,1
55,14,0,10
55,41,3,1
55,30,0,0
55,24,2,6
55,50,0,3
55,20,1,0
55,40,1,1
55,39,2,0
56,7,0,10
56,15,0,2
56,10,1,0
56,22,1,2
56,4,0,19
56,35,0,43
56,49,1,2
56,12,0,19
56,43,1,5
56,1,0,14
56,13,2,1
56,48,3,1
56,6,1,6
56,46,0,33
56,25,0,1
56,3,0,0
56,14,0,11
56,31,1,1
56,27,2,9
56,33,0,7
56,28,1,0
56,18,2,2
56,37,1,0
56,2,4,2
56,41,3,2
56,23,1,12
56,11,0,18
56,39,2,1
56,24,1,0
56,29,0,8
56,17,0,3
56,19,0,1
56,8,0,13
56,44,3,12
56,45,0,10
56,21,4,0
56,30,0,1
56,47,1,6
56,38,4,5
56,36,0,13
56,26,0,15
56,50,0,4
56,40,2,0
56,9,2,1
56,16,1,17
56,42,2,1
56,34,1,29
56,5,1,0
56,32,1,0
56,20,0,0
57,47,1,7
57,31,1,0
57,12,0,20
57,25,0,2
57,50,0,5
57,33,0,8
57,20,0,1
57,27,2,10
57,18,2,3
57,32,1,1
57,40,2,1
57,37,1,0
57,1,0,15
57,28,1,1
57,46,0,34
57,30,0,2
57,23,1,13
57,14,0,12
57,48,3,2
57,29,0,9
57,15,0,3
57,34,0,0
57,3,0,1
57,42,2,0
57,35,0,44
57,45,0,11
57,5,1,0
57,44,3,13
57,21,4,1
57,39,2,0
57,6,1,7
57,22,1,3
57,13,2,2
57,49,2,3
57,11,0,19
57,26,0,16
57,43,1,6
57,41,3,0
57,17,0,4
57,24,1,1
57,7,0,11
57,8,0,14
57,38,4,6
57,19,0,2
57,10,1,1
57,16,1,18
57,4,0,20
57,9,2,0
57,2,4,3
57,36,0,14
58,1,1,16
58,44,3,0
58,42,2,1
58,21,4,2
58,28,1,2
58,32,0,0
58,22,1,4
58,31,1,1
58,18,2,4
58,12,0,21
58,30,0,3
58,37,1,0
58,39,2,1
58,27,2,11
58,13,1,0
58,23,1,14
58,20,0,2
58,14,0,13
58,2,4,0
58,8,0,15
58,43,1,7
58,33,0,9
58,17,0,5
58,36,0,0
58,50,0,6
58,10,1,2
58,24,0,0
58,48,3,3
58,11,0,20
58,4,0,21
58,41,3,1
58,40,2,0
58,9,2,0
58,49,2,0
58,38,4,7
58,15,0,4
58,5,1,0
58,19,1,3
58,46,0,35
58,6,1,0
58,34,0,1
58,47,2,8
58,26,0,17
58,35,0,45
58,16,1,19
58,25,0,3
58,45,0,12
58,3,0,2
58,7,0,12
58,29,0,10
59,12,1,22
59,21,4,3
59,26,1,18
59,40,3,1
59,7,0,13
59,4,0,22
59,33,1,10
59,45,0,13
59,23,1,0
59,5,1,0
59,50,0,7
59,11,0,21
59,22,1,5
59,35,0,46
59,32,0,1
59,13,1,0
59,24,0,1
59,36,0,1
59,37,0,0
59,31,0,0
59,10,1,3
59,14,0,14
59,44,3,1
59,2,5,1
59,18,1,0
59,19,0,0
59,16,1,0
59,3,0,3
59,41,3,2
59,29,0,11
59,1,0,0
59,34,0,2
59,48,3,0
59,46,0,36
59,28,1,3
59,42,2,0
59,30,0,4
59,27,1,0
59,9,2,1
59,8,0,16
59,47,1,0
59,39,3,2
59,15,1,5
59,43,1,8
59,6,1,1
59,49,1,0
59,25,0,4
59,17,0,6
59,20,0,3
59,38,5,8
60,18,1,1
60,26,1,19
60,40,3,2
60,35,0,47
60,25,0,5
60,20,0,4
60,13,1,1
60,28,0,0
60,14,0,15
60,23,0,0
60,3,2,4
60,24,1,2
60,46,0,37
60,9,2,0
60,29,0,12
60,8,0,17
60,1,0,1
60,12,1,23
60,7,0,14
60,36,0,2
60,32,0,2
60,10,1,4
60,5,0,0
60,15,2,6
60,2,5,2
60,31,0,1
60,4,0,23
60,42,2,0
60,34,0,3
60,37,1,1
60,47,1,1
60,33,1,11
60,44,3,2
60,17,0,7
60,19,0,1
60,16,0,0
60,21,3,0
60,27,2,1
60,48,4,1
60,38,4,0
60,30,0,5
60,22,1,6
60,49,1,0
60,6,1,0
60,50,0,0
60,45,0,14
60,39,3,3
60,11,0,22
60,41,2,0
60,43,1,0
61,38,5,1
61,45,0,15
61,46,0,38
61,6,1,0
61,10,1,5
61,39,3,0
61,11,0,23
61,18,1,0
61,9,2,1
61,19,0,2
61,31,0,2
61,14,0,16
61,43,1,1
61,21,3,1
61,13,1,2
61,24,0,0
61,16,0,1
61,37,1,0
61,33,1,12
61,23,1,1
61,40,3,0
61,12,1,0
61,50,0,1
61,29,0,13
61,27,2,2
61,35,0,48
61,49,1,1
61,2,5,0
61,47,1,0
61,48,4,0
61,25,0,6
61,30,0,6
61,1,0,2
61,34,0,4
61,3,2,5
61,41,2,1
61,4,0,24
61,44,2,0
61,32,0,3
61,42,2,0
61,15,1,0
61,28,0,1
61,8,0,18
61,5,0,1
61,17,0,8
61,20,0,5
61,7,0,15
61,26,2,0
61,22,1,7
61,36,0,3
62,20,0,6
62,21,3,2
62,50,0,2
62,38,5,2
62,4,0,25
62,24,0,1
62,26,2,1
62,17,0,9
62,36,0,4
62,13,1,0
62,45,1,16
62,10,1,0
62,1,0,3
62,37,0,0
62,34,0,5
62,46,0,39
62,15,1,1
62,25,0,7
62,48,4,0
62,5,0,2
62,7,0,16
62,47,1,0
62,31,0,3
62,33,1,13
62,43,1,2
62,44,2,1
62,9,2,2
62,19,0,3
62,35,1,49
62,22,1,0
62,14,0,17
62,42,2,0
62,11,0,24
62,27,3,3
62,18,1,1
62,41,1,0
62,30,0,7
62,6,1,1
62,28,0,2
62,29,0,14
62,16,0,2
62,40,3,1
62,32,0,4
62,39,3,0
62,23,0,0
62,3,2,6
62,49,1,2
62,12,1,1
62,2,5,1
62,8,0,19
63,50,1,3
63,9,2,3
63,30,0,8
63,28,0,3
63,1,0,4
63,35,2,50
63,46,0,40
63,21,3,3
63,34,0,6
63,13,1,1
63,44,3,2
63,18,1,2
63,11,0,25
63,33,0,0
63,23,0,1
63,16,0,3
63,49,2,3
63,39,3,1
63,48,3,0
63,31,0,4
63,41,1,1
63,3,2,7
63,7,0,17
63,42,2,1
63,12,1,2
63,27,3,4
63,6,1,2
63,24,0,2
63,8,1,20
63,5,0,3
63,40,2,0
63,10,1,0
63,43,1,0
63,36,0,5
63,22,1,1
63,19,0,4
63,29,0,15
63,37,0,1
63,45,1,17
63,26,2,2
63,2,6,2
63,20,0,7
63,4,0,26
63,32,0,5
63,17,0,10
63,14,0,18
63,15,0,0
63,47,0,0
63,38,4,0
63,25,0,8
64,12,1,3
64,7,0,18
64,25,0,9
64,16,1,4
64,23,0,2
64,31,0,5
64,8,2,21
64,13,1,2
64,5,0,4
64,44,3,3
64,50,1,4
64,41,0,0
64,21,3,4
64,6,1,3
64,24,0,3
64,20,0,8
64,37,0,2
64,1,0,5
64,29,0,16
64,15,0,1
64,10,2,0
64,27,3,5
64,28,0,0
64,11,0,26
64,22,1,2
64,49,1,0
64,35,2,0
64,46,0,41
64,48,3,0
64,32,0,6
64,45,1,18
64,26,2,3
64,2,6,3
64,36,0,6
64,38,3,0
64,40,2,1
64,3,2,8
64,34,1,0
64,39,3,0
64,47,0,1
64,19,0,5
64,9,1,0
64,17,0,11
64,14,1,19
64,18,1,3
64,33,0,1
64,4,0,27
64,42,1,0
64,30,0,9
64,43,1,1
65,27,3,6
65,32,0,7
65,2,5,0
65,14,0,0
65,28,1,1
65,17,0,12
65,43,2,0
65,7,1,19
65,31,0,6
65,12,2,0
65,1,0,6
65,5,0,5
65,15,0,2
65,4,0,28
65,19,0,6
65,37,1,3
65,29,0,17
65,42,1,0
65,48,3,1
65,39,2,0
65,25,0,10
65,13,1,3
65,41,0,1
65,3,2,9
65,16,1,5
65,34,1,0
65,22,1,3
65,44,4,4
65,6,1,4
65,21,2,0
65,35,2,1
65,11,0,27
65,24,0,4
65,47,0,2
65,9,2,1
65,50,1,5
65,10,1,0
65,30,0,10
65,38,2,0
65,36,0,7
65,40,2,2
65,8,2,22
65,33,0,2
65,46,0,42
65,26,2,0
65,18,0,0
65,20,1,9
65,45,0,0
65,23,0,3
65,49,1,1
66,23,0,4
66,3,2,10
66,17,0,13
66,48,3,2
66,50,1,6
66,14,0,1
66,31,0,7
66,15,0,3
66,26,3,1
66,38,2,1
66,25,0,11
66,22,1,4
66,44,4,5
66,9,2,2
66,5,0,6
66,32,0,8
66,30,0,11
66,45,0,1
66,49,0,0
66,7,1,20
66,41,1,2
66,35,1,0
66,43,2,1
66,42,1,0
66,13,1,4
66,34,1,1
66,47,0,3
66,6,1,5
66,11,0,28
66,36,0,8
66,29,0,18
66,24,0,5
66,39,2,0
66,19,0,7
66,18,1,1
66,8,2,23
66,4,0,29
66,16,1,6
66,2,5,1
66,40,2,3
66,33,1,3
66,37,0,0
66,27,3,7
66,1,0,7
66,28,1,2
66,21,2,0
66,10,0,0
66,46,0,43
66,12,2,0
66,20,1,10
67,34,1,2
67,15,0,4
67,30,0,12
67,27,3,8
67,47,0,4
67,4,0,30
67,17,0,14
67,6,1,6
67,46,0,44
67,21,3,1
67,35,1,1
67,13,1,5
67,23,0,5
67,20,1,11
67,44,3,0
67,8,2,0
67,39,2,1
67,7,1,21
67,12,2,1
67,18,1,2
67,2,5,2
67,50,1,7
67,49,0,1
67,32,0,9
67,37,0,1
67,9,2,3
67,33,1,4
67,11,0,29
67,41,1,3
67,14,0,2
67,28,1,3
67,24,0,6
67,43,2,0
67,45,0,2
67,26,3,0
67,42,1,1
67,16,1,0
67,48,3,3
67,19,0,8
67,22,1,0
67,29,0,19
67,5,0,7
67,40,2,4
67,31,0,8
67,38,2,0
67,25,0,12
67,1,0,8
67,3,2,11
67,10,0,1
67,36,0,9
68,24,0,7
68,18,1,3
68,20,2,12
68,49,0,2
68,2,5,3
68,22,1,1
68,4,0,31
68,15,0,5
68,17,0,15
68,14,0,3
68,47,0,5
68,1,0,9
68,9,2,0
68,13,1,0
68,5,0,8
68,23,1,6
68,45,0,3
68,40,2,5
68,35,0,0
68,33,1,5
68,19,0,9
68,48,2,0
68,27,3,9
68,30,0,13
68,38,2,0
68,3,1,0
68,42,1,2
68,31,0,9
68,21,3,2
68,44,3,0
68,8,2,0
68,26,3,1
68,46,0,45
68,10,0,2
68,50,1,8
68,25,0,13
68,16,1,1
68,7,2,22
68,32,0,10
68,28,1,4
68,6,1,7
68,41,1,4
68,37,0,2
68,34,1,3
68,39,2,2
68,43,2,1
68,29,0,20
68,11,0,30
68,36,0,10
68,12,2,2
69,5,0,9
69,36,0,11
69,19,0,10
69,28,1,5
69,12,2,3
69,48,2,1
69,47,0,6
69,8,2,0
69,46,0,46
69,14,0,4
69,42,1,3
69,44,3,1
69,15,0,6
69,13,1,1
69,21,3,3
69,6,1,8
69,25,0,14
69,29,0,21
69,50,1,9
69,49,2,3
69,11,0,31
69,32,0,11
69,7,2,0
69,38,1,0
69,18,1,0
69,31,0,10
69,34,1,4
69,4,0,32
69,23,1,7
69,10,0,3
69,17,0,16
69,43,1,0
69,3,1,1
69,9,2,1
69,24,0,8
69,20,3,13
69,39,1,0
69,22,0,0
69,45,1,4
69,35,0,1
69,40,2,6
69,37,0,3
69,30,1,14
69,33,1,0
69,2,5,4
69,26,2,0
69,27,3,0
69,1,0,0
69,41,0,0
69,16,2,2
70,16,2,3
70,29,0,22
70,27,3,1
70,15,0,7
70,49,2,4
70,10,0,4
70,50,1,0
70,9,2,0
70,37,0,4
70,8,2,1
70,25,0,15
70,14,0,5
70,11,0,32
70,22,1,1
70,20,3,14
70,18,1,0
70,2,4,0
70,48,2,0
70,6,1,9
70,24,0,9
70,3,1,0
70,21,3,4
70,36,0,12
70,40,2,7
70,34,1,5
70,12,1,0
70,38,1,1
70,1,0,1
70,23,1,8
70,47,0,7
70,19,1,11
70,31,0,11
70,41,0,1
70,43,1,1
70,32,0,12
70,17,0,17
70,33,1,1
70,45,1,0
70,30,2,15
70,26,2,0
70,35,0,2
70,28,1,6
70,46,0,47
70,13,0,0
70,5,0,10
70,39,1,1
70,7,2,1
70,42,1,4
70,4,0,33
70,44,3,2
71,14,0,6
71,19,0,0
71,34,2,6
71,7,2,2
71,10,1,5
71,20,3,15
71,35,1,3
71,25,0,16
71,16,2,4
71,9,2,1
71,50,1,1
71,41,0,2
71,45,1,1
71,42,1,5
71,15,0,8
71,30,1,0
71,47,0,8
71,26,2,1
71,31,0,12
71,12,0,0
71,40,2,8
71,3,0,0
71,23,0,0
71,27,3,2
71,43,1,2
71,33,1,2
71,24,0,10
71,28,1,0
71,46,0,48
71,36,0,13
71,32,0,13
71,18,1,1
71,4,0,34
71,22,1,0
71,1,1,2
71,37,0,5
71,44,3,3
71,39,1,0
71,6,1,10
71,11,0,33
71,29,0,23
71,5,0,11
71,49,1,0
71,38,1,2
71,13,0,1
71,48,2,1
71,2,5,1
71,21,3,5
71,17,0,18
71,8,3,0
72,37,0,6
72,33,2,3
72,31,1,13
72,29,0,24
72,18,1,2
72,5,1,12
72,34,1,0
72,15,0,9
72,45,1,2
72,2,5,0
72,12,0,1
72,19,0,1
72,30,1,1
72,6,0,0
72,16,2,5
72,43,2,3
72,47,0,9
72,38,2,3
72,44,2,0
72,46,0,49
72,13,0,2
72,50,2,0
72,23,0,1
72,7,1,0
72,39,0,0
72,26,2,2
72,8,3,0
72,25,0,17
72,41,0,3
72,49,1,1
72,42,1,6
72,17,0,19
72,11,0,34
72,24,0,11
72,3,0,1
72,9,2,2
72,21,4,6
72,10,1,0
72,28,0,0
72,14,0,7
72,32,1,14
72,1,1,3
72,22,0,0
72,40,2,9
72,20,2,0
72,4,1,35
72,48,3,2
72,27,2,0
72,36,0,14
72,35,0,0
73,25,0,18
73,30,1,0
73,3,0,2
73,22,0,1
73,7,1,0
73,4,1,36
73,39,0,1
73,27,1,0
73,5,1,13
73,13,0,3
73,6,0,1
73,48,3,3
73,31,1,14
73,9,2,3
73,24,0,12
73,28,1,1
73,32,1,15
73,20,2,1
73,46,0,50
73,41,0,4
73,36,0,15
73,19,0,2
73,12,0,2
73,33,2,4
73,35,0,1
73,23,0,2
73,18,1,0
73,42,1,7
73,26,1,0
73,15,0,10
73,34,1,1
73,38,2,0
73,2,5,1
73,17,0,20
73,44,2,1
73,1,1,0
73,10,2,1
73,49,1,0
73,40,2,10
73,43,2,4
73,37,0,7
73,50,2,0
73,21,4,0
73,29,0,25
73,8,3,1
73,45,1,3
73,16,2,0
73,14,0,8
73,47,0,10
73,11,0,35
74,20,2,0
74,29,0,26
74,13,0,4
74,23,0,3
74,38,1,0
74,44,2,2
74,10,3,2
74,47,0,11
74,24,0,13
74,34,2,2
74,39,0,2
74,19,0,3
74,7,0,0
74,6,0,2
74,43,3,5
74,37,0,8
74,40,2,11
74,12,0,3
74,32,1,16
74,27,1,0
74,42,1,8
74,41,0,5
74,30,0,0
74,45,1,4
74,26,1,1
74,5,1,14
74,1,1,1
74,2,5,2
74,4,1,37
74,22,0,2
74,28,1,2
74,15,1,11
74,46,0,51
74,21,3,0
74,50,2,0
74,14,0,9
74,48,3,4
74,25,0,19
74,16,3,1
74,35,0,2
74,31,1,15
74,18,1,1
74,11,0,36
74,49,0,0
74,36,0,16
74,3,0,3
74,17,0,21
74,33,2,5
74,8,3,2
74,9,2,4
75,32,0,0
75,43,3,6
75,18,1,2
75,26,1,0
75,36,0,17
75,47,0,12
75,17,0,22
75,14,0,10
75,5,2,15
75,23,2,4
75,16,2,0
75,13,0,5
75,11,0,37
75,34,1,0
75,2,5,3
75,28,2,0
75,19,0,4
75,38,1,1
75,31,0,0
75,7,0,1
75,49,0,1
75,20,2,0
75,50,2,0
75,37,0,9
75,27,1,1
75,10,3,0
75,3,0,4
75,25,0,20
75,6,0,3
75,44,3,0
75,30,0,1
75,48,3,5
75,4,2,38
75,41,0,6
75,33,2,6
75,29,0,27
75,24,0,14
75,12,0,4
75,15,1,12
75,21,3,0
75,22,0,3
75,39,0,3
75,8,3,3
75,42,1,9
75,45,0,0
75,40,2,12
75,9,2,5
75,1,0,0
75,35,0,3
75,46,0,52
76,3,0,5
76,39,0,4
76,15,1,0
76,43,3,0
76,20,2,1
76,40,3,13
76,7,0,2
76,31,0,1
76,2,5,4
76,45,0,1
76,9,2,6
76,32,0,1
76,14,0,11
76,33,2,7
76,46,0,53
76,42,1,10
76,37,0,10
76,34,0,0
76,24,0,15
76,48,5,6
76,29,1,28
76,30,0,2
76,26,1,1
76,38,1,2
76,4,1,0
76,41,0,7
76,17,0,23
76,49,0,2
76,19,0,5
76,18,0,0
76,35,0,4
76,12,0,5
76,47,0,13
76,13,0,6
76,27,1,2
76,1,0,1
76,6,0,4
76,28,2,0
76,50,2,1
76,23,1,0
76,8,3,4
76,5,2,16
76,25,0,21
76,10,3,1
76,22,0,4
76,11,0,38
76,21,3,0
76,36,0,18
76,16,2,1
76,44,3,1
77,33,2,8
77,38,1,3
77,27,1,3
77,47,0,14
77,50,3,2
77,10,3,2
77,8,2,0
77,40,3,14
77,29,1,29
77,25,0,22
77,17,0,24
77,3,0,0
77,18,0,1
77,45,0,2
77,11,0,39
77,12,0,6
77,14,0,12
77,24,0,16
77,23,1,0
77,9,2,7
77,4,1,1
77,34,0,1
77,30,0,3
77,36,0,19
77,41,0,8
77,32,0,2
77,5,2,17
77,39,0,5
77,7,0,3
77,20,1,0
77,1,0,2
77,48,5,7
77,16,2,2
77,2,5,5
77,49,0,3
77,19,0,6
77,42,1,11
77,37,0,11
77,28,2,0
77,31,0,2
77,6,0,5
77,26,1,2
77,13,0,7
77,35,0,5
77,46,0,54
77,15,2,0
77,44,3,2
77,22,0,5
77,43,2,0
77,21,4,0
78,15,2,1
78,10,2,0
78,26,0,0
78,24,1,17
78,4,1,2
78,23,1,1
78,16,1,0
78,6,1,6
78,5,2,0
78,12,0,7
78,48,5,8
78,17,0,25
78,42,0,0
78,33,2,9
78,49,0,4
78,32,0,3
78,28,4,0
78,46,0,55
78,1,0,3
78,41,0,9
78,35,0,6
78,18,0,2
78,13,1,8
78,14,0,13
78,38,0,0
78,22,0,6
78,39,0,6
78,44,3,3
78,7,0,4
78,9,2,8
78,19,0,7
78,2,5,6
78,30,0,4
78,37,0,12
78,34,0,2
78,25,0,23
78,40,2,0
78,21,4,1
78,31,0,3
78,45,0,3
78,43,2,1
78,27,1,4
78,8,1,0
78,11,1,0
78,36,0,20
78,50,3,3
78,29,1,30
78,47,0,15
78,3,1,1
78,20,1,1
79,18,0,3
79,36,0,21
79,22,0,7
79,49,1,5
79,37,0,13
79,31,0,4
79,16,1,1
79,3,0,0
79,43,2,0
79,45,0,4
79,27,1,5
79,40,2,1
79,20,1,2
79,5,1,0
79,1,1,4
79,35,0,7
79,11,1,1
79,39,0,7
79,9,2,9
79,10,1,0
79,33,2,10
79,25,1,24
79,8,0,0
79,19,0,8
79,14,1,14
79,38,0,1
79,44,3,4
79,17,0,26
79,24,0,0
79,2,4,0
79,15,2,2
79,28,3,0
79,48,5,9
79,42,0,1
79,13,1,0
79,30,0,5
79,26,0,1
79,21,4,2
79,7,1,5
79,41,0,10
79,4,1,3
79,6,2,7
79,29,1,31
79,47,0,16
79,32,0,4
79,46,1,56
79,34,0,3
79,50,3,0
79,12,0,8
79,23,1,0
80,13,1,0
80,39,1,8
80,40,2,0
80,21,4,0
80,31,0,5
80,11,1,2
80,27,1,6
80,30,0,6
80,48,5,10
80,38,1,2
80,32,1,5
80,24,1,1
80,16,1,0
80,44,3,5
80,34,0,4
80,49,0,0
80,17,0,27
80,35,0,8
80,28,2,0
80,7,2,6
80,20,0,0
80,10,1,1
80,26,0,2
80,12,0,9
80,33,2,11
80,5,0,0
80,2,4,1
80,15,2,3
80,41,0,11
80,14,1,0
80,3,0,1
80,22,0,8
80,18,0,4
80,23,1,0
80,37,0,14
80,36,1,0
80,1,1,0
80,6,2,8
80,43,1,0
80,45,0,5
80,42,0,2
80,4,1,4
80,25,0,0
80,46,1,57
80,19,0,9
80,50,3,1
80,29,0,0
80,47,0,17
80,9,3,10
80,8,0,1
81,17,0,28
81,35,0,9
81,45,0,6
81,20,0,1
81,11,1,3
81,38,0,0
81,16,1,1
81,6,1,0
81,31,0,6
81,14,1,1
81,22,0,9
81,8,0,2
81,21,4,1
81,40,2,1
81,41,1,12
81,2,5,2
81,48,5,11
81,13,0,0
81,42,0,3
81,28,2,0
81,7,2,0
81,12,0,10
81,36,1,0
81,46,1,58
81,1,2,1
81,15,2,4
81,19,0,10
81,23,1,1
81,37,0,15
81,4,1,0
81,30,1,7
81,43,1,1
81,34,0,5
81,26,0,0
81,29,0,1
81,3,0,2
81,18,2,5
81,25,0,1
81,44,3,6
81,10,1,0
81,32,0,0
81,49,0,1
81,27,1,7
81,33,1,0
81,50,2,0
81,24,1,2
81,39,0,0
81,9,3,11
81,5,1,1
81,47,0,18
82,4,1,1
82,23,1,2
82,1,2,0
82,47,0,19
82,28,2,1
82,3,0,3
82,43,1,2
82,40,2,2
82,22,0,10
82,30,1,8
82,14,0,0
82,5,1,2
82,27,1,8
82,42,0,4
82,33,3,1
82,15,2,5
82,19,0,11
82,36,1,0
82,8,0,3
82,45,0,7
82,18,2,6
82,10,1,1
82,24,1,0
82,44,3,7
82,6,1,1
82,17,0,29
82,2,5,3
82,21,4,2
82,9,2,0
82,11,1,4
82,48,5,0
82,49,0,2
82,32,0,1
82,34,0,6
82,16,1,0
82,7,1,0
82,41,1,13
82,37,0,16
82,39,0,1
82,25,0,2
82,35,0,10
82,20,0,2
82,13,0,1
82,50,2,1
82,31,0,7
82,29,0,2
82,26,0,1
82,38,1,1
82,12,0,11
82,46,1,59
83,24,1,1
83,2,4,0
83,10,1,2
83,41,1,0
83,32,0,2
83,21,4,0
83,25,0,3
83,8,0,4
83,47,0,20
83,40,2,3
83,17,0,30
83,9,1,0
83,16,1,0
83,6,1,2
83,30,1,0
83,39,0,2
83,44,4,8
83,45,0,8
83,26,0,2
83,28,1,0
83,20,0,3
83,7,1,0
83,50,2,0
83,3,0,4
83,37,0,17
83,11,1,5
83,23,1,3
83,19,0,12
83,33,3,0
83,14,1,0
83,13,0,2
83,15,2,6
83,1,2,1
83,46,0,0
83,43,1,0
83,5,1,3
83,4,1,2
83,31,1,8
83,35,0,11
83,36,1,1
83,27,1,9
83,22,0,11
83,42,0,5
83,38,2,2
83,12,0,12
83,18,2,7
83,48,5,0
83,49,0,3
83,29,0,3
83,34,0,7
84,32,0,3
84,33,2,0
84,15,3,7
84,43,1,1
84,10,1,0
84,19,0,13
84,2,3,0
84,28,1,1
84,20,0,4
84,47,0,21
84,41,1,0
84,49,0,4
84,25,0,4
84,17,0,31
84,29,1,4
84,7,0,0
84,1,2,0
84,11,1,6
84,21,4,1
84,38,3,3
84,37,0,18
84,4,1,3
84,6,1,0
84,24,0,0
84,44,5,9
84,40,2,4
84,26,0,3
84,42,0,6
84,12,0,13
84,9,1,0
84,35,0,12
84,31,2,9
84,39,0,3
84,46,0,1
84,18,1,0
84,48,5,1
84,5,1,4
84,22,0,12
84,16,1,1
84,34,0,8
84,13,0,3
84,45,0,9
84,27,1,10
84,36,1,2
84,14,1,0
84,50,2,1
84,8,0,5
84,23,1,0
84,30,1,0
84,3,0,5
85,47,0,22
85,3,0,6
85,42,0,7
85,46,0,2
85,49,0,5
85,48,5,2
85,36,1,3
85,5,1,0
85,30,1,1
85,21,5,2
85,25,0,5
85,40,2,0
85,4,1,4
85,31,2,0
85,44,5,0
85,20,0,5
85,38,2,0
85,2,4,1
85,13,0,4
85,12,0,14
85,35,0,13
85,37,0,19
85,17,0,32
85,23,2,1
85,27,1,11
85,26,0,4
85,14,1,1
85,33,2,1
85,15,3,8
85,22,0,13
85,10,1,0
85,19,0,14
85,9,1,1
85,43,1,2
85,41,1,1
85,7,0,1
85,32,0,4
85,45,0,10
85,16,1,2
85,11,0,0
85,8,0,6
85,24,1,1
85,29,0,0
85,18,1,1
85,34,0,9
85,1,1,0
85,50,2,2
85,6,1,1
85,39,0,4
85,28,1,2
86,27,1,12
86,23,3,2
86,13,1,5
86,8,0,7
86,25,1,6
86,32,0,5
86,42,0,8
86,45,0,11
86,20,0,6
86,17,0,33
86,34,0,10
86,40,2,1
86,47,0,23
86,29,0,1
86,36,1,4
86,2,3,0
86,43,0,0
86,21,5,3
86,5,1,1
86,3,0,7
86,39,0,5
86,28,1,3
86,12,0,15
86,37,0,20
86,22,0,14
86,14,1,2
86,15,3,9
86,1,0,0
86,48,5,3
86,26,0,5
86,16,2,3
86,7,0,2
86,24,1,2
86,6,0,0
86,4,1,5
86,9,1,2
86,50,2,3
86,31,2,1
86,38,1,0
86,18,1,0
86,33,2,2
86,41,2,2
86,11,0,1
86,19,0,15
86,35,0,14
86,46,0,3
86,10,1,0
86,44,5,0
86,30,1,0
86,49,0,6
87,26,0,6
87,37,0,21
87,20,1,7
87,33,2,0
87,39,0,6
87,48,5,0
87,9,2,3
87,29,0,2
87,14,1,3
87,11,0,2
87,6,1,1
87,2,2,0
87,28,1,4
87,27,0,0
87,50,1,0
87,23,3,3
87,16,2,0
87,38,0,0
87,32,0,6
87,4,1,6
87,35,1,15
87,15,3,0
87,49,0,7
87,18,1,1
87,17,0,34
87,43,0,1
87,45,0,12
87,31,2,0
87,21,5,4
87,24,1,0
87,13,1,6
87,41,1,0
87,47,0,24
87,30,1,1
87,44,5,1
87,7,0,3
87,10,2,1
87,22,0,15
87,25,2,7
87,1,0,1
87,34,1,11
87,36,1,5
87,46,0,4
87,3,0,8
87,8,0,0
87,40,1,0
87,5,0,0
87,12,0,16
87,42,0,9
87,19,0,16
88,18,1,2
88,34,1,12
88,41,1,1
88,19,0,17
88,49,0,8
88,4,1,7
88,13,1,7
88,22,0,16
88,33,2,1
88,30,1,2
88,31,2,1
88,3,0,9
88,37,0,22
88,6,1,2
88,17,0,35
88,5,0,1
88,26,1,7
88,44,5,0
88,25,2,8
88,20,1,8
88,38,0,1
88,43,0,2
88,2,2,1
88,15,2,0
88,11,0,3
88,32,1,0
88,7,0,4
88,47,0,25
88,24,1,0
88,21,5,0
88,9,2,4
88,28,1,5
88,1,0,2
88,29,0,3
88,35,1,0
88,40,1,1
88,8,0,1
88,39,0,7
88,42,0,10
88,14,0,0
88,48,5,1
88,10,2,0
88,16,2,1
88,27,0,1
88,45,0,13
88,50,1,1
88,46,0,5
88,12,0,17
88,36,1,6
88,23,3,4
89,33,4,2
89,14,0,1
89,43,0,3
89,50,1,2
89,7,0,5
89,13,1,8
89,39,0,8
89,21,5,1
89,32,1,1
89,12,0,18
89,48,5,2
89,5,0,2
89,16,2,0
89,1,0,3
89,41,1,2
89,23,2,0
89,36,0,0
89,44,5,1
89,2,1,0
89,24,1,0
89,45,0,14
89,22,0,17
89,49,0,9
89,17,0,36
89,31,2,2
89,4,2,8
89,40,1,2
89,35,0,0
89,26,1,8
89,11,0,4
89,9,2,5
89,29,0,4
89,46,0,6
89,37,0,23
89,3,0,10
89,34,1,13
89,10,2,1
89,18,1,3
89,27,0,2
89,42,0,11
89,47,0,26
89,19,2,18
89,38,0,2
89,8,0,2
89,28,1,6
89,30,0,0
89,20,1,9
89,25,2,9
89,6,1,3
89,15,2,1
90,10,2,2
90,13,2,9
90,21,4,0
90,35,0,1
90,38,0,3
90,39,0,9
90,4,2,9
90,24,1,1
90,5,0,3
90,16,2,1
90,27,1,3
90,11,0,5
90,46,0,7
90,29,0,5
90,20,0,0
90,17,0,37
90,9,2,6
90,23,2,1
90,7,1,6
90,41,0,0
90,22,0,18
90,44,5,2
90,34,0,0
90,43,0,4
90,25,2,0
90,49,0,10
90,19,2,19
90,42,0,12
90,26,1,9
90,45,0,15
90,8,0,3
90,6,1,4
90,2,1,1
90,12,0,19
90,14,0,2
90,3,0,11
90,31,2,3
90,40,1,3
90,36,0,1
90,18,2,4
90,28,1,7
90,37,0,24
90,50,1,3
90,48,5,3
90,32,1,2
90,30,0,1
90,33,4,3
90,47,0,27
90,1,0,4
90,15,2,2
91,21,4,1
91,28,1,8
91,42,0,13
91,18,2,5
91,10,2,3
91,40,1,4
91,49,0,11
91,13,2,10
91,33,4,0
91,16,1,0
91,41,0,1
91,26,1,10
91,7,1,7
91,45,0,16
91,12,0,20
91,32,1,3
91,4,3,10
91,50,1,4
91,23,1,0
91,15,1,0
91,24,1,2
91,6,1,5
91,37,0,25
91,3,0,12
91,11,0,6
91,46,0,8
91,22,0,19
91,25,2,1
91,20,0,1
91,14,0,3
91,38,0,4
91,44,5,3
91,5,0,4
91,9,2,7
91,39,0,10
91,19,2,20
91,43,0,5
91,34,0,1
91,29,0,6
91,30,0,2
91,27,1,4
91,36,0,2
91,35,1,2
91,31,2,4
91,48,5,4
91,8,0,4
91,17,0,38
91,47,1,28
91,1,0,5
91,2,1,2
92,23,1,1
92,9,1,0
92,2,1,0
92,18,2,6
92,13,2,11
92,21,4,2
92,49,0,12
92,12,0,21
92,44,5,4
92,47,1,29
92,43,0,6
92,10,2,4
92,42,0,14
92,28,0,0
92,19,2,21
92,6,1,0
92,16,1,1
92,40,1,5
92,29,0,7
92,41,0,2
92,46,0,9
92,38,0,5
92,27,1,5
92,14,1,4
92,15,1,1
92,31,2,5
92,36,0,3
92,17,0,39
92,24,1,3
92,37,0,26
92,25,2,2
92,50,1,0
92,33,5,1
92,48,4,0
92,8,0,5
92,35,1,3
92,3,0,13
92,7,1,8
92,5,0,5
92,22,0,20
92,30,0,3
92,4,3,11
92,11,1,7
92,32,1,0
92,39,0,11
92,26,1,0
92,45,0,17
92,1,0,6
92,34,0,2
92,20,0,2
93,4,3,12
93,11,1,8
93,45,0,18
93,50,2,1
93,41,0,3
93,40,1,0
93,19,2,22
93,24,0,0
93,22,0,21
93,46,1,10
93,8,0,6
93,44,4,0
93,35,1,4
93,26,1,0
93,39,0,12
93,16,1,0
93,13,2,12
93,36,0,4
93,43,0,7
93,25,3,3
93,27,1,6
93,15,1,2
93,33,5,0
93,21,3,0
93,7,1,9
93,6,1,1
93,47,2,30
93,30,0,4
93,48,3,0
93,1,0,7
93,20,0,3
93,17,0,40
93,38,0,6
93,18,2,0
93,32,1,1
93,42,0,15
93,34,0,3
93,31,2,6
93,2,1,1
93,14,1,5
93,12,0,22
93,28,0,1
93,29,0,8
93,49,0,13
93,10,2,5
93,23,0,0
93,5,1,6
93,37,0,27
93,3,0,14
93,9,1,1
94,37,0,28
94,3,0,15
94,19,2,23
94,47,2,0
94,49,0,14
94,25,2,0
94,24,0,1
94,36,0,5
94,9,1,0
94,48,3,1
94,34,0,4
94,41,0,4
94,33,5,1
94,12,0,23
94,18,2,1
94,40,1,1
94,46,1,11
94,17,0,41
94,8,0,7
94,21,3,1
94,14,1,6
94,23,0,1
94,45,0,19
94,2,1,2
94,20,0,4
94,39,0,13
94,28,0,2
94,10,2,6
94,44,4,1
94,22,0,22
94,31,2,7
94,13,2,0
94,26,1,1
94,50,2,2
94,27,1,7
94,38,1,7
94,7,1,10
94,1,0,8
94,43,0,8
94,42,0,16
94,6,1,2
94,4,3,0
94,16,1,1
94,30,0,5
94,35,1,5
94,5,1,7
94,15,0,0
94,29,0,9
94,32,1,2
94,11,2,9
95,41,0,5
95,14,1,7
95,23,0,2
95,12,1,24
95,33,5,2
95,11,1,0
95,4,3,1
95,13,2,1
95,5,0,0
95,43,0,9
95,15,0,1
95,18,1,0
95,21,3,0
95,38,0,0
95,6,1,0
95,45,0,20
95,42,1,0
95,49,0,15
95,31,2,8
95,24,0,2
95,28,1,3
95,40,1,2
95,34,0,5
95,30,1,6
95,46,1,0
95,35,1,0
95,48,3,2
95,27,0,0
95,20,0,5
95,8,0,8
95,50,1,0
95,29,0,10
95,17,0,42
95,16,2,2
95,3,1,16
95,1,0,9
95,36,1,6
95,19,1,0
95,2,1,0
95,10,2,7
95,37,0,29
95,26,1,2
95,9,1,1
95,47,2,1
95,44,4,2
95,25,2,0
95,39,0,14
95,22,0,23
95,7,1,0
95,32,1,3
96,47,2,0
96,21,3,0
96,35,0,0
96,2,1,1
96,11,1,1
96,9,1,2
96,8,0,9
96,46,1,1
96,3,0,0
96,38,0,1
96,24,0,3
96,15,0,2
96,29,1,11
96,27,0,1
96,16,1,0
96,48,3,3
96,5,1,1
96,10,1,0
96,40,1,3
96,30,1,7
96,45,0,21
96,25,1,0
96,23,0,3
96,28,0,0
96,6,1,1
96,33,6,3
96,32,0,0
96,37,0,30
96,34,1,6
96,19,1,1
96,13,2,2
96,1,0,10
96,31,2,9
96,18,1,1
96,22,0,24
96,49,0,16
96,20,1,0
96,7,0,0
96,41,0,6
96,12,1,25
96,26,1,3
96,43,1,10
96,50,2,1
96,36,2,7
96,14,1,8
96,4,3,2
96,39,0,15
96,17,0,43
96,42,2,1
96,44,3,0
97,19,1,2
97,39,0,16
97,18,1,2
97,21,3,1
97,10,2,1
97,34,0,0
97,32,0,1
97,7,0,1
97,38,0,2
97,12,1,26
97,42,3,2
97,17,0,44
97,29,1,12
97,1,0,11
97,46,0,0
97,36,3,8
97,48,3,4
97,47,2,1
97,14,1,9
97,45,0,22
97,9,1,3
97,35,0,1
97,30,1,0
97,43,1,11
97,37,0,31
97,31,2,10
97,11,1,2
97,13,2,3
97,44,3,0
97,2,1,2
97,27,0,2
97,41,0,7
97,3,0,1
97,20,0,0
97,23,0,4
97,40,1,4
97,15,0,3
97,22,0,25
97,8,0,10
97,4,3,3
97,6,1,2
97,24,0,4
97,5,1,2
97,16,1,1
97,50,2,2
97,25,1,0
97,26,1,0
97,49,0,17
97,28,0,1
97,33,6,0
98,8,0,11
98,9,2,4
98,17,0,45
98,33,6,0
98,31,1,0
98,22,0,26
98,1,0,12
98,23,0,5
98,24,0,5
98,26,1,1
98,21,3,2
98,12,1,27
98,49,0,18
98,14,1,10
98,16,1,2
98,40,1,5
98,20,0,1
98,38,0,3
98,11,1,3
98,45,0,23
98,10,1,0
98,28,0,2
98,19,1,3
98,3,0,2
98,25,1,1
98,29,1,13
98,35,0,2
98,5,1,3
98,44,3,1
98,30,1,0
98,43,1,12
98,37,0,32
98,47,2,0
98,6,1,0
98,39,0,17
98,18,0,0
98,48,3,5
98,32,0,2
98,13,2,4
98,2,2,3
98,36,4,0
98,7,0,2
98,41,0,0
98,42,3,0
98,34,0,1
98,50,2,3
98,46,0,1
98,15,0,4
98,4,3,4
98,27,0,3
99,12,0,0
99,39,0,18
99,7,0,3
99,20,0,2
99,29,2,0
99,33,6,1
99,17,0,46
99,41,0,1
99,43,0,0
99,13,2,5
99,48,4,6
99,10,1,1
99,31,1,1
99,14,1,0
99,26,1,2
99,16,0,0
99,46,1,2
99,9,2,5
99,40,1,6
99,38,0,4
99,6,1,1
99,30,0,0
99,11,1,4
99,3,1,3
99,37,1,0
99,22,0,27
99,45,0,24
99,47,2,1
99,8,0,12
99,19,1,4
99,50,2,4
99,2,2,4
99,32,0,3
99,21,2,0
99,44,3,2
99,23,0,6
99,36,4,1
99,49,0,19
99,4,3,5
99,27,0,4
99,15,0,5
99,1,0,13
99,28,0,3
99,25,1,2
99,35,0,3
99,24,0,6
99,34,0,0
99,18,0,1
99,42,3,0
99,5,1,4
100,20,1,3
100,19,1,5
100,21,2,1
100,49,0,20
100,14,1,0
100,46,1,3
100,4,3,6
100,39,0,19
100,33,6,2
100,25,1,3
100,30,1,1
100,32,0,4
100,16,0,1
100,9,2,6
100,11,1,0
100,22,0,28
100,45,0,25
100,10,0,0
100,5,1,5
100,2,2,5
100,35,0,4
100,24,0,7
100,27,0,5
100,40,1,7
100,37,1,1
100,43,1,1
100,31,1,2
100,41,0,2
100,15,0,6
100,36,3,0
100,28,1,4
100,23,0,7
100,8,0,13
100,42,3,1
100,7,0,4
100,18,0,2
100,26,1,3
100,44,2,0
100,29,1,0
100,12,0,1
100,17,0,47
100,48,4,7
100,6,2,2
100,34,0,1
100,50,1,0
100,38,0,5
100,3,1,0
100,47,2,2
100,13,2,6
100,1,0,14
